{"cameraMode":{"drawMode":0,"name":"Shaded","section":"Shading Mode"},"sceneLighting":false,"audioPlay":false,"sceneViewState":{"showFog":true,"showMaterialUpdate":false,"showSkybox":false,"showFlares":true,"showImageEffects":true,"showParticleSystems":true},"in2DMode":false,"pivot":{"x":-0.4043999910354614,"y":2.754307508468628,"z":-0.05000019073486328},"rotation":{"x":0.07973650097846985,"y":0.009633919224143029,"z":-0.0002609511138871312,"w":0.9968589544296265},"size":3.712656021118164,"orthographic":false}