{"cameraMode":{"drawMode":0,"name":"Shaded","section":"Shading Mode"},"sceneLighting":false,"audioPlay":false,"sceneViewState":{"showFog":true,"showMaterialUpdate":false,"showSkybox":false,"showFlares":true,"showImageEffects":true,"showParticleSystems":true},"in2DMode":false,"pivot":{"x":85.90064239501953,"y":2.2338674068450929,"z":20.54297637939453},"rotation":{"x":0.2061683088541031,"y":-0.2202426940202713,"z":0.04814625158905983,"w":0.9522784352302551},"size":0.0989999771118164,"orthographic":false}